http://news.cnstock.com/news/sns_yw/index.html,100,5,CNStock
http://news.cnstock.com/news/sns_jg/index.html,100,5,CNStock
http://news.cnstock.com/bwsd/index.html,100,5,CNStock
http://news.cnstock.com/industry/sid_rdjj,100,5,CNStock
http://news.cnstock.com/industry/sid_zxk,100,5,CNStock
http://stock.cnstock.com/live,100,5,CNStock
http://stock.cnstock.com/stock/smk_rdyj,100,5,CNStock
http://stock.cnstock.com/stock/smk_jjdx,100,5,CNStock
http://stock.cnstock.com/xg/sx_xgcl,100,5,CNStock
http://stock.cnstock.com/xg/sx_xgjj,100,5,CNStock
http://stock.cnstock.com/xg/sx_zcdt,100,5,CNStock
http://stock.cnstock.com/xg/sx_ipopl,100,5,CNStock
http://company.cnstock.com/company/scp_gsxw,100,5,CNStock
http://ggjd.cnstock.com/gglist/search/qmtbbdj,100,5,CNStock
http://ggjd.cnstock.com/gglist/search/ggkx,100,5,CNStock
http://www.cs.com.cn/ssgs/gsxw/,100,5,CSStock
http://www.cs.com.cn/ssgs/hyzx/,100,5,CSStock
http://www.cs.com.cn/ssgs/fcgs/,100,5,CSStock
http://www.cs.com.cn/ssgs/kj/,100,5,CSStock
http://www.cs.com.cn/ssgs/wysg/,100,5,CSStock
http://www.cs.com.cn/ssgs/gsxl/,100,5,CSStock
http://www.cs.com.cn/ssgs/ssb/,100,5,CSStock
http://www.cs.com.cn/gppd/tzpj/,100,5,CSStock
http://www.cs.com.cn/gppd/,100,5,CSStock
http://www.cs.com.cn/zzqh/,100,5,CSStock
http://www.cs.com.cn/zzqh/spqh/,100,5,CSStock
http://www.cs.com.cn/zzqh/ysp/,100,5,CSStock
http://www.cs.com.cn/zqxw/,100,5,CSStock
http://www.cs.com.cn/zqxw/zspl/,100,5,CSStock
http://www.cs.com.cn/xwzx/,100,5,CSStock
http://www.cs.com.cn/xwzx/ms/,100,5,CSStock
http://www.cs.com.cn/xwzx/hwxx/,100,5,CSStock
http://www.cs.com.cn/tzjj/,100,5,CSStock
http://www.cs.com.cn/tzjj/jjdt/,100,5,CSStock
http://www.cs.com.cn/tzjj/smjj/,100,5,CSStock
http://www.cs.com.cn/tzjj/jjks/,100,5,CSStock
http://www.cs.com.cn/tzjj/jjcs/,100,5,CSStock
http://www.cs.com.cn/tzjj/tjdh/,100,5,CSStock
http://www.cs.com.cn/gg/,100,5,CSStock
http://www.cs.com.cn/gg/gsxw/,100,5,CSStock
http://www.cs.com.cn/gg/tzpj/,100,5,CSStock
http://www.cs.com.cn/gg/hgt/,100,5,CSStock
http://www.cs.com.cn/sylm/zjyl_1/,100,5,CSStock
http://kuaixun.stcn.com/index.shtml,100,5,STCNStock
http://stock.stcn.com/dapan/index.shtml,100,5,STCNStock
http://stock.stcn.com/bankuai/index.shtml,100,5,STCNStock
http://stock.stcn.com/zhuli/index.shtml,100,5,STCNStock
http://kuaixun.stcn.com/list/kxyb.shtml,100,5,STCNStock
http://stock.stcn.com/xingu/index.shtml,100,5,STCNStock
http://company.stcn.com/gsxw/index.shtml,100,5,STCNStock
http://company.stcn.com/cjnews/index.shtml,100,5,STCNStock
http://finance.stcn.com/quanshang/index.shtml,100,5,STCNStock
http://finance.stcn.com/yxlc/index.shtml,100,5,STCNStock
http://finance.stcn.com/baoxian/index.shtml,100,5,STCNStock
http://finance.stcn.com/xintuo/index.shtml,100,5,STCNStock
http://finance.stcn.com/qihuo/index.shtml,100,5,STCNStock
http://data.stcn.com/djsj/1.shtml,100,5,STCNStock
http://data.stcn.com/list/djsj.shtml,100,5,STCNStock
http://data.stcn.com/xingutishixiangguan/,100,5,STCNStock
http://data.stcn.com/zijinliuxiang/,100,5,STCNStock
http://data.stcn.com/qita/,100,5,STCNStock
http://kuaixun.stcn.com/xsb/index.shtml,100,5,STCNStock
http://sanban.stcn.com/gsyyb/index.shtml,100,5,STCNStock
http://sanban.stcn.com/zcysc/index.shtml,100,5,STCNStock
http://www.ccstock.cn/gscy/gongsi/index.html,100,5,CCStock
http://www.ccstock.cn/gscy/hkgongsi/,100,5,CCStock
http://www.ccstock.cn/gscy/qiyexinxi/index.html,100,5,CCStock
http://www.ccstock.cn/stock/gegupinglun/index.html,100,5,CCStock
http://www.ccstock.cn/gscy/yqgc/index.html,100,5,CCStock
http://www.ccstock.cn/gscy/gaoguanfangtan/index.html,100,5,CCStock
http://www.ccstock.cn/auto/qichedongtai/index.html,100,5,CCStock
http://www.ccstock.cn/auto/xinchesudi/index.html,100,5,CCStock
http://www.ccstock.cn/auto/qichetousu/index.html,100,5,CCStock
http://www.ccstock.cn/auto/daogouzhinan/index.html,100,5,CCStock
http://www.ccstock.cn/stock/redian/index.html,100,5,CCStock
http://www.ccstock.cn/stock/dashiyanpan/index.html,100,5,CCStock
http://www.ccstock.cn/stock/zuixinbobao/index.html,100,5,CCStock
http://www.ccstock.cn/stock/bankuaijujiao/index.html,100,5,CCStock
http://www.ccstock.cn/stock/chuangyeban/index.html,100,5,CCStock
http://www.ccstock.cn/ipo/yaowen/,100,5,CCStock
http://www.ccstock.cn/ipo/xingupinglun/,100,5,CCStock
http://www.ccstock.cn/ipo/shangshiyuce/,100,5,CCStock
http://www.ccstock.cn/ipo/shengouzhinan/,100,5,CCStock
http://www.ccstock.cn/ipo/xinguzhongqian/,100,5,CCStock
http://www.ccstock.cn/stock/gupiaoyaowen/,100,5,CCStock
http://www.ccstock.cn/stock/zhongxiaoban/,100,5,CCStock
http://www.ccstock.cn/HKstock/ganggufenxi/,100,5,CCStock
http://www.ccstock.cn/money/index.html,100,5,CCStock
http://www.ccstock.cn/jrjg/bank/index.html,100,5,CCStock
http://www.ccstock.cn/jrjg/insurance/index.html,100,5,CCStock
http://www.ccstock.cn/jrjg/xintuo/index.html,100,5,CCStock
http://www.ccstock.cn/jrjg/quanshang/index.html,100,5,CCStock
http://www.ccstock.cn/money/qihuo/index.html,100,5,CCStock
http://www.ccstock.cn/fund/jijindongtai/,100,5,CCStock
http://www.ccstock.cn/fund/chicangdongxiang/,100,5,CCStock
http://www.ccstock.cn/fund/jijinlunshi/,100,5,CCStock
http://www.ccstock.cn/fund/jijinfangtan/,100,5,CCStock
http://www.ccstock.cn/simu/dongtai/index.html,100,5,CCStock
http://www.ccstock.cn/simu/chicang/,100,5,CCStock
http://www.ccstock.cn/simu/lunshi/index.html,100,5,CCStock
http://www.ccstock.cn/finance/zcpz/index.html,100,5,CCStock
http://www.ccstock.cn/finance/jgzs/index.html,100,5,CCStock
http://www.ccstock.cn/finance/hongguanjingji/index.html,100,5,CCStock
http://www.ccstock.cn/finance/hangyedongtai/index.html,100,5,CCStock
http://www.ccstock.cn/finace/house/index.html,100,5,CCStock
http://www.p5w.net/stock/market/dpfx/,100,5,P5WStock
http://www.p5w.net/stock/market/ggjj/,100,5,P5WStock
http://www.p5w.net/stock/market/gng/,100,5,P5WStock
http://www.p5w.net/stock/news/gsxw/,100,5,P5WStock
http://www.p5w.net/kuaixun/ly/,100,5,P5WStock
http://www.p5w.net/stock/news/hdxw/,100,5,P5WStock
http://www.p5w.net/stock/news/newstock/,100,5,P5WStock
http://www.p5w.net/stock/news/xsb/,100,5,P5WStock
http://www.p5w.net/stock/hkstock/hknews/,100,5,P5WStock
http://www.p5w.net/stock/hkstock/mgxw/,100,5,P5WStock
http://xsb.p5w.net/Index/kx,100,5,P5WStock
http://xsb.p5w.net/Index/yw.html,100,5,P5WStock
http://www.p5w.net/news/gncj/,100,5,P5WStock
http://www.p5w.net/news/gjcj/,100,5,P5WStock
http://www.p5w.net/news/cjxw/,100,5,P5WStock
http://www.p5w.net/news/xwpl/,100,5,P5WStock
http://www.p5w.net/news/cjxw/fdcy/,100,5,P5WStock
http://www.p5w.net/money/yhzx/,100,5,P5WStock
http://www.p5w.net/money/bxzx/,100,5,P5WStock
http://www.p5w.net/money/xtzx/,100,5,P5WStock
http://www.p5w.net/money/zqzx/,100,5,P5WStock
http://www.p5w.net/money/lytx/   ,100,5,P5WStock
http://www.p5w.net/money/hlwlc/,100,5,P5WStock
http://www.p5w.net/money/lltz/,100,5,P5WStock
http://www.p5w.net/fund/zjcc/,100,5,P5WStock
http://www.p5w.net/fund/fxpl/,100,5,P5WStock
http://www.p5w.net/fund/gsdt/,100,5,P5WStock
http://www.p5w.net/fund/smjj/,100,5,P5WStock
http://www.p5w.net/fund/gqjj/,100,5,P5WStock
http://www.wabei.cn/kx/,100,5,WaBeiStock
http://www.wabei.cn/company/,100,5,WaBeiStock
http://www.wabei.cn/indus/,100,5,WaBeiStock
http://www.chinaipo.com/news/,100,5,ChinaIpoStock
http://www.chinaipo.com/Industry/,100,5,ChinaIpoStock
http://www.chinaipo.com/ipo/,100,5,ChinaIpoStock
http://www.chinaipo.com/interview/,100,5,ChinaIpoStock
http://www.chinaipo.com/given/,100,5,ChinaIpoStock
http://www.chinaipo.com/zhuanban/,100,5,ChinaIpoStock
http://www.chinaipo.com/ipo/,100,5,ChinaIpoStock
http://www.21jingji.com/channel/money/,100,5,JingJi21Stock
http://www.21jingji.com/channel/politics/,100,5,JingJi21Stock
http://www.21jingji.com/channel/finance/,100,5,JingJi21Stock
http://www.21jingji.com/channel/business/,100,5,JingJi21Stock
http://www.21jingji.com/channel/investment/limitup/,100,5,JingJi21Stock
http://www.21jingji.com/channel/investment/morningnews/,100,5,JingJi21Stock
http://www.21jingji.com/channel/investment/marketanalysis/,100,5,JingJi21Stock
http://www.21jingji.com/channel/express/,100,5,JingJi21Stock
http://www.21jingji.com/channel/investment/photonews/,100,5,JingJi21Stock
http://www.21jingji.com/channel/investment/notice/,100,5,JingJi21Stock
http://www.21jingji.com/channel/herald/,100,5,JingJi21Stock
